{
  "fraud_probability": {
    "edges": [
      0.0,
      1e-06,
      2e-06,
      3e-06,
      5e-06,
      9e-06,
      1.5e-05,
      3.2e-05,
      9.3e-05,
      0.999998
    ],
    "ref_props": [
      0.08306666666666666,
      0.159,
      0.09876666666666667,
      0.12093333333333334,
      0.1309,
      0.0977,
      0.10903333333333333,
      0.09983333333333333,
      0.10076666666666667
    ]
  },
  "amount": {
    "edges": [
      0.0,
      1.0,
      3.59,
      8.98,
      13.57,
      21.994999999999997,
      36.75400000000001,
      59.08800000000018,
      100.0,
      203.32800000000128,
      5239.5
    ],
    "ref_props": [
      0.06016666666666667,
      0.139,
      0.10033333333333333,
      0.10046666666666666,
      0.10003333333333334,
      0.1,
      0.1,
      0.09976666666666667,
      0.10023333333333333,
      0.1
    ]
  }
}