{
  "model_version": "fraud-v1.0",
  "features": [
    "V1",
    "V2",
    "V3",
    "V4",
    "V5",
    "V6",
    "V7",
    "V8",
    "V9",
    "V10",
    "V11",
    "V12",
    "V13",
    "V14",
    "V15",
    "V16",
    "V17",
    "V18",
    "V19",
    "V20",
    "V21",
    "V22",
    "V23",
    "V24",
    "V25",
    "V26",
    "V27",
    "V28",
    "Amount",
    "log_amount",
    "hour"
  ],
  "n_features": 31,
  "n_train": 227845,
  "n_test": 56962,
  "fraud_rate": 0.001727485630620034,
  "scale_pos_weight": 577.29,
  "pr_auc": 0.8798,
  "roc_auc": 0.9782,
  "flag_threshold": 0.9387,
  "review_threshold": 0.05,
  "precision_at_flag": 0.9419,
  "recall_at_flag": 0.8265,
  "f1_at_flag": 0.8804,
  "confusion_at_flag": {
    "tp": 81,
    "fp": 5,
    "fn": 17,
    "tn": 56859
  },
  "anomaly_percentiles": {
    "50": 0.3952180047903521,
    "90": 0.4531590130651469,
    "95": 0.48655774101493027,
    "99": 0.579743162990239
  },
  "data_source": "huggingface:David-Egea/Creditcard-fraud-detection",
  "trained_on_real_data": true
}